{"__type__":"cc.AnimationClip","_name":"action4","_duration":0.5,"wrapMode":"1","curveData":{"paths":{"sprite4":{"props":{"position":[{"frame":0,"value":[53,48]},{"frame":0.5,"value":[191,43]}],"opacity":[{"frame":0,"value":0},{"frame":0.16666666666666666,"value":255,"curve":[1.1222713864306786,-0.0023598820058998715,0.8769911504424779,0.5709439528023599]},{"frame":0.5,"value":0}]}}}},"events":[{"frame":0.5,"func":"onActionComplete","params":[4]}]}